{
  "Jessie Rogers": 0.05172413793103448,
  "Paolo Fiamma": 0.24137931034482757,
  "Hartmut Seichter": 0.05172413793103448,
  "Hannah Rushton": 0.017241379310344827,
  "Davide Pierini": 0.06896551724137931,
  "Sam Mclennan": 0.05172413793103448,
  "Duong Nguyen": 0.034482758620689655,
  "Qiaoliang Xu": 0.06896551724137931,
  "Weidong Li": 0.05172413793103448,
  "Mitra Homolja": 0.034482758620689655,
  "Liam Jordan Sheehan": 0.05172413793103448,
  "Marcos Novak": 0.24137931034482757,
  "Mercedes Paulini": 0.017241379310344827,
  "Marc Aurel Schnabel": 1.0,
  "Tian Tian Lo": 0.3103448275862069,
  "Cameron Wells": 0.05172413793103448,
  "Ruth ?Ron": 0.24137931034482757,
  "Bin Li": 0.05172413793103448,
  "Shuva Chowdhury": 0.017241379310344827,
  "Scott Meekings": 0.05172413793103448,
  "Matthew Swarts": 0.24137931034482757,
  "Thomas Kvan": 0.08620689655172414,
  "David Silcock": 0.05172413793103448,
  "Blaire Haslop": 0.034482758620689655,
  "Amar Bennadji": 0.24137931034482757,
  "Derek Kawiti": 0.034482758620689655,
  "Thomas Tucker": 0.24137931034482757,
  "Yoshihiro Kobayashi": 0.24137931034482757,
  "Dongsoo Choi": 0.24137931034482757,
  "Irene Rui Chen": 0.017241379310344827,
  "James Durcan": 0.034482758620689655,
  "Rong Chen": 0.05172413793103448,
  "Maria Rogers": 0.06896551724137931,
  "Tomohiro Fukuda": 0.24137931034482757,
  "Sayyed Amir Hossain Maghool": 0.034482758620689655,
  "Yingge Qu": 0.034482758620689655,
  "Yoann Pencreach": 0.24137931034482757,
  "Taro Narahara": 0.24137931034482757,
  "Tom\u737as Dorta": 0.06896551724137931,
  "Ning Wang": 0.05172413793103448,
  "Evelyn L. C. Howe": 0.017241379310344827,
  "Qun Dai": 0.017241379310344827,
  "Peter Christensen": 0.017241379310344827,
  "Serdar Aydin": 0.10344827586206896,
  "Steve Kuan": 0.05172413793103448,
  "Iman Sayah": 0.017241379310344827,
  "Weihong Guo": 0.05172413793103448,
  "Rebeka Vital": 0.24137931034482757,
  "Yi He": 0.05172413793103448,
  "Tane Jacob Moleta": 0.3448275862068966,
  "Brandon Wang": 0.034482758620689655,
  "Andre Brown": 0.13793103448275862,
  "Kostas ?Terzidis": 0.24137931034482757,
  "David Batchelor": 0.017241379310344827,
  "Yingyi Zhang": 0.017241379310344827,
  "Xiangyu Wang": 0.05172413793103448,
  "James Holth": 0.05172413793103448,
  "Jeremy J. Ham": 0.017241379310344827,
  "Cyrus Qureshi": 0.034482758620689655
}